Time,"Country Name","Adjusted net enrollment rate, primary (% of primary school age children)","Adolescents out of school (% of lower secondary school age)","Children out of school (% of primary school age)","Compulsory education, duration (years)","Current education expenditure, total (% of total expenditure in public institutions)","Educational attainment, at least Bachelor's or equivalent, population 25+, total (%) (cumulative)","Educational attainment, at least completed primary, population 25+ years, total (%) (cumulative)","Educational attainment, Doctoral or equivalent, population 25+, total (%) (cumulative)","Expenditure on secondary education (% of government expenditure on education)","Expenditure on tertiary education (% of government expenditure on education)","Literacy rate, adult total (% of people ages 15 and above)","Government expenditure per student, tertiary (% of GDP per capita)","Government expenditure on education, total (% of government expenditure)","Trained teachers in primary education (% of total teachers)","Gini index","Social contributions (% of revenue)","Expense (% of GDP)","Government Effectiveness: Estimate","Political Stability and Absence of Violence/Terrorism: Estimate","Average working hours of children, study and work, female, ages 7-14 (hours per week)","Average working hours of children, study and work, male, ages 7-14 (hours per week)","Child employment in manufacturing (% of economically active children ages 7-14)","Child employment in agriculture (% of economically active children ages 7-14)","Tax revenue (% of GDP)"
2022,"Afghanistan","NA","NA","NA","9","NA","3.98425006866455","21.0254802703857","NA","NA","NA","NA","NA","NA","NA","NA","NA","NA","-1.88003480434418","-2.54495596885681","NA","NA","NA","NA","NA"
2022,"Albania","NA","2.74965013841179","8.47796728855099","9","89.3625717163086","19.8346436163563","97.8531397166699","0.239959336744538","NA","NA","NA","NA","9.01408958435059","NA","NA","22.3221999243625","27.0031538353567","0.0645405352115631","0.106261312961578","NA","NA","NA","NA","18.0607786802299"
2022,"Algeria","NA","6.20707957400745","2.13045046735116","10","NA","NA","NA","NA","NA","NA","NA","NA","13.101506524289","95.5545501708984","NA","NA","NA","-0.51349949836731","-0.650652348995209","NA","NA","NA","NA","NA"
2022,"American Samoa","NA","NA","NA","NA","NA","NA","NA","NA","NA","NA","NA","NA","NA","NA","NA","NA","NA","0.66762912273407","1.12317395210266","NA","NA","NA","NA","NA"
2022,"Andorra","NA","6.19946002960205","6.75347995758057","10","98.7166976928711","25.0400009155273","99.1500015258789","0.449999988079071","NA","NA","NA","NA","6.96128988265991","100","NA","32.7298219372679","NA","1.49526071548462","1.58598840236664","NA","NA","NA","NA","14.9845975416716"
2022,"Angola","NA","NA","NA","10","NA","NA","NA","NA","NA","NA","NA","NA","6.64047212078077","NA","NA","NA","NA","-1.02603423595428","-0.630108535289764","NA","NA","NA","NA","NA"
2022,"Antigua and Barbuda","NA","5.63364665500828","NA","11","NA","NA","NA","NA","NA","NA","NA","NA","7.80537969275292","NA","NA","NA","NA","-0.160002663731575","0.938082098960876","NA","NA","NA","NA","NA"
2022,"Argentina","NA","0.995725443580191","0.747436006133423","14","94.4647521972656","NA","NA","NA","NA","NA","NA","NA","12.7075796127319","NA","40.7","28.7568970981421","21.9068187207194","-0.28348970413208","-0.0985943302512169","NA","NA","NA","NA","11.0858180930687"
2022,"Armenia","NA","4.7640669927756","5.35996515462635","12","92.0447463989258","24.2985191345215","99.6643218994141","1.15210010967844","NA","NA","99.8199996948242","NA","9.4465503692627","81.2841703750795","27.9","NA","21.1627548327889","-0.314792364835739","-0.740756273269653","NA","NA","NA","NA","21.8271552378304"
2022,"Aruba","NA","NA","NA","13","NA","NA","NA","NA","NA","NA","NA","NA","NA","NA","NA","NA","NA","1.10521340370178","1.48307979106903","NA","NA","NA","NA","NA"
2022,"Australia","NA","1.64652001857758","0.296409994363785","11","NA","36.8400001525879","99.5250507544171","1.85000002384186","NA","NA","NA","NA","12.6520795822144","NA","NA","NA","27.6611156622091","1.52843272686005","0.983715951442719","NA","NA","NA","NA","23.6279512463691"
2022,"Austria","NA","1.64181995391846","1.67592000961304","13","92.1629409790039","NA","100","NA","NA","NA","NA","NA","9.93358039855957","NA","30.9","32.9825386332311","47.509529668642","1.46492278575897","0.648710012435913","NA","NA","NA","NA","26.206863593528"
2022,"Azerbaijan","NA","12.9549746759378","4.21760629945864","9","90.413818359375","NA","NA","NA","NA","NA","NA","NA","11.6396102905273","99.769573711366","NA","10.2575131350094","23.0088211493834","-0.0412070974707603","-0.922807276248932","NA","NA","NA","NA","15.4476897158899"
2022,"Bahamas, The","NA","NA","NA","12","NA","NA","NA","NA","NA","NA","NA","NA","10.3566126185111","NA","NA","NA","22.3247708393299","0.423950403928757","0.881239235401154","NA","NA","NA","NA","15.5305623380922"
2022,"Bahrain","NA","0.160999451436923","3.24484274602638","9","NA","29.7800006866455","90.0400009155273","0.600000023841858","NA","NA","97.870002746582","NA","7.66017986372767","100","NA","NA","NA","0.639720022678375","-0.362905442714691","NA","NA","NA","NA","NA"
2022,"Bangladesh","NA","24.7300495499887","7.28624245991406","5","NA","7.5711943437389","54.6803894042969","0.0570131561266709","NA","NA","79","NA","12.4040438079191","73.6041840704256","30.9","NA","NA","-0.763355314731598","-1.046462059021","NA","NA","NA","NA","NA"
2022,"Barbados","NA","3.9381537062301","12.0881905727319","11","98.8011474609375","NA","NA","NA","NA","NA","NA","NA","12.7307195663452","75.829680651221","NA","NA","NA","0.428394287824631","1.14464545249939","NA","NA","NA","NA","NA"
2022,"Belarus","NA","2.65632179184986","5.30326525187187","11","93.6713409423828","NA","99.8865606695736","NA","NA","NA","NA","NA","12.1897497177124","99.3698411289607","NA","37.1143521738611","28.2689984078899","-0.851723372936249","-0.802096605300903","NA","NA","NA","NA","11.2335456198223"
2022,"Belgium","NA","1.27794003486633","1.224249958992","13","95.4406433105469","36.307492413537","95.9781781143468","0.958095064170155","NA","NA","NA","NA","12.0173597335815","NA","26.4","35.4512703233125","39.5682713023795","1.22718644142151","0.581981599330902","NA","NA","NA","NA","22.7011914803787"
2022,"Belize","NA","5.23494909997977","8.09312885347341","8","NA","7.01000022888184","93.6500015258789","0.280000001192093","NA","NA","87.879997253418","NA","17.8313503265381","88.1410256410256","NA","NA","NA","-0.356684654951096","0.564006090164185","NA","NA","NA","NA","NA"
2022,"Benin","NA","47.1664009094238","9.61021041870117","6","NA","3.85361003875732","22.5984802246094","NA","NA","NA","51.3800010681152","NA","14.9914706871899","NA","NA","NA","NA","-0.170590236783028","-0.34320268034935","NA","NA","NA","NA","NA"
2022,"Bermuda","NA","NA","NA","13","NA","NA","NA","NA","NA","NA","NA","NA","NA","NA","NA","NA","NA","1.21938359737396","1.02404379844666","NA","NA","NA","NA","NA"
2022,"Bhutan","NA","12.5199046267814","10.0414276444747","NA","NA","8.48408985137939","37.308521270752","NA","NA","NA","64.9100036621094","NA","22.1064354322847","100","28.5","NA","NA","0.56129378080368","1.00934255123138","NA","NA","NA","NA","NA"
2022,"Bolivia","NA","11.1914300918579","3.38125363480333","14","96.4324569702148","16.893167568269","75.4829092696046","0.052674574809659","NA","NA","NA","NA","21.0513381966153","89.263185446931","41.2","NA","NA","-0.564738214015961","-0.191908553242683","NA","NA","NA","NA","NA"
2022,"Bosnia and Herzegovina","NA","0.508449971675873","1.4964599609375","9","NA","12.289999961853","95.3600006103516","0.209999993443489","NA","NA","NA","NA","NA","NA","NA","39.4022852165005","33.4237705090927","-1.06496071815491","-0.483193695545197","NA","NA","NA","NA","19.0910598727413"
2022,"Botswana","NA","9.17244190786792","0.535068806191338","NA","NA","9.52373835350831","NA","0.387318736983447","NA","NA","NA","NA","NA","99.8736614125857","NA","NA","25.0924165298183","0.439493864774704","1.0739837884903","NA","NA","NA","NA","19.6495295048765"
2022,"Brazil","NA","3.83859992027283","3.98446011543274","14","95.2666473388672","NA","85.8","NA","NA","NA","94.3853874531348","NA","12.9340095520019","88.0066299438477","52","21.7023038614637","31.641435845417","-0.588259339332581","-0.395036935806274","NA","NA","NA","NA","14.7258479184963"
2022,"British Virgin Islands","NA","26.2994995117188","26.2132606506348","12","NA","NA","NA","NA","NA","NA","NA","NA","12.2001662192542","50.1754385964912","NA","NA","NA","NA","NA","NA","NA","NA","NA","NA"
2022,"Brunei Darussalam","NA","1.26133415286719","0.942116616954849","9","NA","17.57543339854","90.6888698785473","0.628494521891493","NA","NA","NA","NA","NA","84.6949327817994","NA","NA","NA","1.42228293418884","1.24248862266541","NA","NA","NA","NA","NA"
2022,"Bulgaria","NA","5.37277984619141","5.29597997665405","12","92.8145599365234","26.0069599701843","99.1737718755536","0.278142581639058","NA","NA","NA","NA","11.9818496704102","NA","38.2","22.5655482278969","39.3206741649902","-0.271232962608337","0.313428640365601","NA","NA","NA","NA","21.7256158413796"
2022,"Burkina Faso","NA","53.9301768535095","32.2480013223476","10","NA","1.55992996692657","24.8611430719328","NA","NA","NA","40.9199981689453","NA","21.9580967321077","88.3963183786357","NA","NA","22.5336605756817","-0.853148698806763","-1.81536936759949","NA","NA","NA","NA","17.6730517423342"
2022,"Burundi","NA","NA","NA","NA","NA","NA","NA","NA","NA","NA","NA","NA","20.6370838073023","NA","NA","NA","NA","-1.26360619068146","-1.19244623184204","NA","NA","NA","NA","NA"
2022,"Cabo Verde","NA","66.2731181328056","41.8359960270029","10","NA","NA","NA","NA","NA","NA","NA","NA","15.6936041858917","100","NA","NA","NA","0.0208359286189079","0.927069365978241","NA","NA","NA","NA","NA"
2022,"Cambodia","NA","NA","15.7397106595469","NA","NA","NA","NA","NA","NA","NA","NA","NA","11.6742808441972","100","NA","NA","11.776416290612","-0.351413905620575","-0.0980230420827866","NA","NA","NA","NA","13.5187383949089"
2022,"Cameroon","NA","46.7247700182402","3.9333122149023","6","NA","NA","NA","NA","NA","NA","NA","NA","12.7669754975237","82.6877659151018","NA","NA","NA","-0.881507813930511","-1.37962925434113","NA","NA","NA","NA","NA"
2022,"Canada","NA","0.653729975223541","5.25502014160156","10","90.6079711914062","32.3500860763309","96.1069636629698","NA","NA","NA","NA","NA","10.6535596847534","NA","NA","21.5996075849695","18.2522606578883","1.56661772727966","0.780681550502777","NA","NA","NA","NA","13.736451836938"
2022,"Cayman Islands","NA","4.53210020065308","2.65369305616984","12","66.5133209228516","NA","NA","NA","NA","NA","NA","NA","NA","96.5811965811966","NA","NA","NA","1.26231098175049","1.66074180603027","NA","NA","NA","NA","NA"
2022,"Central African Republic","NA","NA","NA","10","NA","NA","NA","NA","NA","NA","NA","NA","10.7420521886098","NA","NA","NA","NA","-1.71030342578888","-2.20505237579346","NA","NA","NA","NA","NA"
2022,"Chad","NA","NA","28.392240524292","10","NA","NA","NA","NA","NA","NA","NA","NA","16.7226097517041","64.7258145363408","37.4","NA","NA","-1.42367351055145","-1.47040486335754","NA","NA","NA","NA","NA"
2022,"Channel Islands","NA","NA","NA","NA","NA","NA","NA","NA","NA","NA","NA","NA","NA","NA","NA","NA","NA","NA","NA","NA","NA","NA","NA","NA"
2022,"Chile","NA","0.784839987754822","1.29288005828857","12","95.0537490844727","20.2839308500317","90.6","0.21613177437356","NA","NA","NA","NA","18.3798809051514","NA","43","3.76758361311181","24.1256231102656","0.546218276023865","0.13208432495594","NA","NA","NA","NA","21.3364673190491"
2022,"China","NA","NA","NA","9","82.9075164794922","NA","NA","NA","NA","NA","NA","NA","NA","NA","36","41.4590189764005","NA","0.494212538003922","-0.45127671957016","NA","NA","NA","NA","7.51799464421188"
2022,"Colombia","NA","4.43837022781372","7.32453012466431","12","NA","16.2004612243704","81.6","0.140417099624512","NA","NA","95.3138834471897","NA","NA","97.634147644043","54.8","19.0464578791186","32.3909610062162","0.01379637978971","-0.62995833158493","NA","NA","NA","NA","15.2632926829768"
2022,"Comoros","NA","NA","NA","6","NA","14.056170463562","47.029109954834","NA","NA","NA","NA","NA","10.476023026001","NA","NA","NA","NA","-1.68305671215057","-0.226411357522011","NA","NA","NA","NA","NA"
2022,"Congo, Dem. Rep.","NA","NA","NA","6","NA","NA","NA","NA","NA","NA","NA","NA","NA","NA","NA","NA","13.322954219227","-1.74667477607727","-1.98448967933655","NA","NA","NA","NA","11.4110225672126"
2022,"Congo, Rep.","NA","NA","NA","10","NA","NA","NA","NA","NA","NA","NA","NA","15.5095016256821","NA","NA","NA","NA","-1.37009811401367","0.0389938205480576","NA","NA","NA","NA","NA"
2022,"Costa Rica","NA","4.77092981338501","5.98677015304565","13","NA","NA","83.9","NA","NA","NA","NA","NA","NA","NA","47.2","32.3459745975051","28.7616125184835","0.0526026673614979","0.956596434116364","NA","NA","NA","NA","14.35419412102"
2022,"Cote d'Ivoire","NA","47.3221933962677","17.5821561930816","10","91.7063293457031","NA","NA","NA","NA","NA","NA","NA","15.9030103683472","100","NA","NA","18.4136127955891","-0.333772420883179","-0.587266504764557","NA","NA","NA","NA","11.8184021009685"
2022,"Croatia","NA","NA","1.73281002044678","8","NA","19.6929512894322","99.3464696769586","0.716227567162901","NA","NA","NA","NA","NA","NA","30","28.2785827502223","37.8374255036955","0.581313610076904","0.672563254833221","NA","NA","NA","NA","21.6752167779461"
2022,"Cuba","NA","6.936686200193","3.38216573379943","9","NA","NA","NA","NA","NA","NA","NA","NA","16.9599641692685","100","NA","NA","NA","-0.350906133651733","0.491417795419693","NA","NA","NA","NA","NA"
2022,"Curacao","NA","NA","NA","14","NA","NA","NA","NA","NA","NA","NA","NA","11.8802495147707","NA","NA","NA","NA","NA","NA","NA","NA","NA","NA","NA"
2022,"Cyprus","NA","0.495480000972748","0.839969992637634","10","96.2732391357422","33.1646376632781","97.4122414269736","1.02388495376574","NA","NA","NA","NA","12.4829502105713","NA","31.5","30.5814276777647","36.5311060063132","0.730335235595703","0.423811227083206","NA","NA","NA","NA","23.1630420589386"
2022,"Czechia","NA","0.0175899993628263","0.0856899991631508","10","91.0959625244141","22.2876637269128","99.882801935197","0.627514316175502","NA","NA","NA","NA","10.0093603134155","NA","25.9","49.2368571100671","34.4426537105922","1.09341883659363","0.814114570617676","NA","NA","NA","NA","12.6419883935481"
2022,"Denmark","NA","0.800140023231506","0.586499989032745","10","93.2494201660156","33.0808151718898","100","1.13650347287102","NA","NA","NA","NA","14.1574401855469","NA","29.3","1.91674583517951","32.0184253924653","1.9901350736618","0.86891770362854","NA","NA","NA","NA","30.6692719191866"
2022,"Djibouti","NA","NA","NA","10","NA","NA","NA","NA","NA","NA","NA","NA","NA","NA","NA","NA","NA","-0.786802113056183","-0.507386088371277","NA","NA","NA","NA","NA"
2022,"Dominica","NA","6.16685009002685","3.35298991203308","12","NA","NA","NA","NA","NA","NA","NA","NA","9.35660435815347","66.6666717529297","NA","NA","NA","-0.0973235219717026","1.30801045894623","NA","NA","NA","NA","NA"
2022,"Dominican Republic","NA","11.2380304336548","6.0125808705002","15","NA","NA","74.3","NA","NA","NA","93.7022375646963","NA","19.2600265459877","NA","37","3.59728500339269","18.0569272165148","-0.0684610605239868","0.249287635087967","NA","NA","NA","NA","13.9061030281253"
2022,"Ecuador","NA","2.7456991472381","1.67517768333642","15","97.5195770263672","17.0799999237061","85.1699981689453","0.239999994635582","NA","NA","96.2600021362305","NA","9.29942989349365","89.4804321564223","45.5","16.0542167738194","30.4365983203311","-0.309278339147568","-0.37122431397438","NA","NA","NA","NA","13.0891981784206"
2022,"Egypt, Arab Rep.","NA","NA","NA","12","NA","NA","66.6084296306774","NA","NA","NA","79.4565788949049","NA","NA","NA","NA","NA","NA","-0.448231309652328","-0.978700578212738","NA","NA","NA","NA","NA"
2022,"El Salvador","NA","22.474223160722","15.6107219459447","15","77.6212463378906","NA","63.8","NA","NA","NA","89.3518526572018","NA","11.4042797088623","NA","38.8","9.50251234514424","27.39431166246","-0.321259051561356","-0.352474838495255","NA","NA","NA","NA","21.1624556167344"
2022,"Equatorial Guinea","NA","NA","NA","6","NA","NA","NA","NA","NA","NA","NA","NA","NA","NA","38.5","NA","11.0452921646904","-1.29705548286438","-0.236288592219353","NA","NA","NA","NA","6.5959868257378"
2022,"Eritrea","NA","37.0863609313965","40.3848114013672","8","NA","NA","NA","NA","NA","NA","NA","NA","NA","76.9397125244141","NA","NA","NA","-1.73129761219025","-0.957195043563843","NA","NA","NA","NA","NA"
2022,"Estonia","NA","1.55664002895355","1.82405996322632","9","88.0518798828125","32.6601680552965","99.8825689398255","0.821705480283422","NA","NA","NA","NA","13.0291900634766","NA","32.3","31.5772773873935","35.2785687051257","1.34263217449188","0.727880895137787","NA","NA","NA","NA","21.016686284165"
2022,"Eswatini","NA","7.26848775840239","3.8254239516235","7","NA","6.40754985809326","70.7695617675781","NA","NA","NA","90.75","NA","16.620931006141","68.3446607533694","NA","NA","NA","-0.781404197216034","-0.210463792085648","NA","NA","NA","NA","NA"
2022,"Ethiopia","NA","51.0717548913052","24.6450551346419","8","NA","3.79061007499695","31.2675704956055","NA","NA","NA","60.4599990844727","NA","23.0064025033357","NA","NA","NA","7.30178313622656","-0.791824162006378","-2.07060623168945","NA","NA","NA","NA","4.49688508975156"
2022,"Faroe Islands","NA","NA","NA","NA","NA","NA","NA","NA","NA","NA","NA","NA","NA","NA","NA","NA","NA","NA","NA","NA","NA","NA","NA","NA"
2022,"Fiji","NA","2.36302992701487","NA","NA","NA","NA","NA","NA","NA","NA","NA","NA","12.6465342556156","92.3600126542233","NA","NA","29.9896770449426","0.593959331512451","0.748508632183075","NA","NA","NA","NA","18.526973447353"
2022,"Finland","NA","1.72082996368408","1.97632002830505","12","90.9890213012695","28.8638220877644","100","1.39460539491997","NA","NA","NA","NA","12.1192598342896","NA","27.9","31.9917338128782","37.9345069231781","1.75458240509033","0.894830107688904","NA","NA","NA","NA","21.1993912863772"
2022,"France","NA","0.230859994888306","0.0432199984788895","13","91.0036010742188","23.5888817236364","100","0.942141901973112","NA","NA","NA","NA","9.11748027801514","NA","31.2","37.3331976358688","48.8338671441779","1.16521215438843","0.393339216709137","NA","NA","NA","NA","24.534247684466"
2022,"French Polynesia","NA","NA","NA","NA","NA","NA","NA","NA","NA","NA","NA","NA","NA","NA","NA","NA","NA","NA","NA","NA","NA","NA","NA","NA"
2022,"Gabon","NA","NA","NA","10","NA","NA","NA","NA","NA","NA","NA","NA","13.8033786137402","NA","NA","NA","NA","-0.685424149036407","0.0603694021701813","NA","NA","NA","NA","NA"
2022,"Gambia, The","NA","19.2435053836951","18.7838262836972","9","NA","NA","NA","NA","NA","NA","NA","NA","17.1251741785773","88.3935554512748","NA","NA","NA","-0.653572559356689","0.0439732819795609","NA","NA","NA","NA","NA"
2022,"Georgia","NA","1.99515088792787","3.03972745429132","9","NA","34.0200004577637","99.3499984741211","0.400000005960464","NA","NA","99.5699996948242","NA","13.1722602844238","NA","33.5","NA","24.9364534724128","0.650143086910248","-0.43653005361557","NA","NA","NA","NA","22.9022783420258"
2022,"Germany","NA","1.42470002174377","1.91470003128052","13","90.2457809448242","29.575744126838","100","1.80303695856779","NA","NA","NA","NA","10.6917295455933","NA","NA","54.7609456017898","31.4551133705123","1.28929960727692","0.628491878509521","NA","NA","NA","NA","11.3053353060941"
2022,"Ghana","NA","NA","NA","11","NA","6.28955984115601","64.5570907592773","0.0559459843557144","NA","NA","NA","NA","13.1793045277004","NA","NA","NA","22.6789929507667","-0.106421269476414","-0.195024788379669","NA","NA","NA","NA","12.2975358062853"
2022,"Gibraltar","NA","NA","NA","13","NA","NA","NA","NA","NA","NA","NA","NA","7.82075632582232","NA","NA","NA","NA","NA","NA","NA","NA","NA","NA","NA"
2022,"Greece","NA","0.993260025978088","0.0021800000686198","10","86.0631790161133","28.9304521780928","97.3204474905455","0.80024203612341","NA","NA","NA","NA","6.38648986816406","NA","33.4","29.0572720723605","50.5946031348852","0.446967661380768","0.106463775038719","NA","NA","NA","NA","27.6693971786038"
2022,"Greenland","NA","NA","NA","NA","NA","NA","NA","NA","NA","NA","NA","NA","NA","NA","NA","NA","NA","0.756547510623932","1.56980299949646","NA","NA","NA","NA","NA"
2022,"Grenada","NA","NA","NA","12","NA","NA","NA","NA","NA","NA","NA","NA","9.87272223310091","60.3244781494141","NA","NA","NA","0.0385159365832806","1.03362321853638","NA","NA","NA","NA","NA"
2022,"Guam","NA","NA","NA","0","NA","NA","NA","NA","NA","NA","NA","NA","NA","NA","NA","NA","NA","0.66762912273407","0.816113114356995","NA","NA","NA","NA","NA"
2022,"Guatemala","NA","37.7058306012176","8.47769769935419","16","100","5.68784999847412","52.7065010070801","NA","NA","NA","83.0299987792969","NA","22.4845294952393","NA","NA","5.41594311398035","13.9932492834032","-0.907798588275909","-0.262850880622864","NA","NA","NA","NA","11.8188543621451"
2022,"Guinea","NA","NA","NA","6","NA","NA","NA","NA","NA","NA","NA","NA","11.9496957293769","NA","NA","NA","NA","-0.914215862751007","-0.838682115077972","NA","NA","NA","NA","NA"
2022,"Guinea-Bissau","NA","NA","NA","9","NA","2.62069010734558","31.6526699066162","NA","NA","NA","63.9300003051758","NA","NA","NA","NA","NA","14.5454478392165","-1.4869327545166","-0.385944873094559","NA","NA","NA","NA","8.79463362303258"
2022,"Guyana","NA","NA","NA","6","NA","NA","NA","NA","NA","NA","NA","NA","NA","NA","NA","NA","NA","-0.266314893960953","0.0207335669547319","NA","NA","NA","NA","NA"
2022,"Haiti","NA","NA","NA","6","NA","NA","NA","NA","NA","NA","NA","NA","13.124044561831","NA","NA","NA","NA","-2.22816133499146","-1.4191986322403","NA","NA","NA","NA","NA"
2022,"Honduras","NA","45.6963500976562","23.4711494445801","12","NA","NA","63.9925208067237","NA","NA","NA","88.2764147235016","NA","NA","NA","NA","NA","NA","-0.86729633808136","-0.568361818790436","NA","NA","NA","NA","NA"
2022,"Hong Kong SAR, China","NA","1.24705325580883","1.15464664912498","9","NA","NA","96.0999984741211","NA","NA","NA","NA","NA","15.4235000610352","95.6746752579086","NA","NA","NA","1.58966255187988","0.5749272108078","NA","NA","NA","NA","NA"
2022,"Hungary","NA","4.78233003616333","3.68225002288818","13","92.0158386230469","26.1627698354882","99.7040678710379","0.481859999816204","NA","NA","NA","NA","7.80341005325317","NA","NA","25.0515051264016","42.2901925358878","0.533869922161102","0.678676307201385","NA","NA","NA","NA","23.3581046211219"
2022,"Iceland","NA","1.28650999069214","1.51547002792358","10","94.258430480957","34.2379611825299","100","1.2792053215595","NA","NA","NA","NA","15.6550102233887","NA","NA","9.49204778672591","33.0994746334935","1.5629870891571","1.24969923496246","NA","NA","NA","NA","22.5262284136746"
2022,"India","NA","10.3299577306696","0.0884840697834613","8","NA","12.1400003433228","62.8199996948242","NA","NA","NA","76.3199996948242","NA","14.1554744728238","88.6790398288676","25.5","0.0991717990385954","13.3335178491336","0.369541674852371","-0.615027368068695","NA","NA","NA","NA","6.73444285965496"
2022,"Indonesia","NA","6.18373692375919","1.22579926090747","9","NA","9.48062106505868","83.2264358579802","0.043132041087892","NA","NA","NA","NA","8.70282050991956","NA","35.5","NA","NA","0.436147511005402","-0.553894221782684","NA","NA","NA","NA","NA"
2022,"Iran, Islamic Rep.","NA","NA","NA","9","89.9176712036133","17.6893212935983","86.5101461056503","0.311718011640587","NA","NA","88.5939994931719","NA","18.8211994171143","NA","34.8","NA","NA","-0.882911622524261","-1.62561237812042","NA","NA","NA","NA","NA"
2022,"Iraq","NA","NA","NA","6","NA","NA","NA","NA","NA","NA","NA","NA","NA","NA","NA","NA","NA","-1.30276036262512","-2.40930914878845","NA","NA","NA","NA","NA"
2022,"Ireland","NA","0.450789988040924","1.10953998565674","10","NA","38.4278214966169","99.8144337748717","1.55623932780552","NA","NA","NA","NA","NA","NA","29.9","17.4572297514517","19.2347136594726","1.5485702753067","0.88466739654541","NA","NA","NA","NA","16.7857030010673"
2022,"Isle of Man","NA","NA","NA","NA","NA","NA","NA","NA","NA","NA","NA","NA","NA","NA","NA","NA","NA","NA","NA","NA","NA","NA","NA","NA"
2022,"Israel","NA","3.24324989318848","3.65606999397278","15","89.9845199584961","38.0541209906785","96.4724538443612","1.45620660650113","NA","NA","NA","NA","16.0677604675293","NA","NA","15.8051856405241","35.2457931380657","1.23610758781433","-1.22896540164948","NA","NA","NA","NA","25.0017225368282"
2022,"Italy","NA","2.30598998069763","2.50709009170532","12","94.9649810791016","16.4901719680437","97.6554515419451","0.414484236871466","NA","NA","NA","NA","7.40515995025635","NA","33.7","31.8305216806747","48.3702644238252","0.448645293712616","0.466298222541809","NA","NA","NA","NA","24.6064132004012"
2022,"Jamaica","NA","19.3549900054932","6.74756453383844","6","99.3382415771484","10.9498100280762","93.1381378173828","NA","NA","NA","NA","NA","16.9328594207764","99.038202247191","NA","NA","NA","0.603865921497345","0.364242792129517","NA","NA","NA","NA","NA"
2022,"Japan","NA","0.0102599998936057","0.09672000259161","9","NA","NA","NA","NA","NA","NA","NA","NA","NA","NA","NA","NA","20.9311943137094","1.61941540241241","1.0326372385025","NA","NA","NA","NA","NA"
2022,"Jordan","NA","5.48111311874723","1.8879125468019","10","NA","18.7408133021572","NA","0.611730820715292","NA","NA","NA","NA","9.68389987945557","100","NA","0.0549697105676464","28.7963616454714","0.1941107660532","-0.234430953860283","NA","NA","NA","NA","17.4675167960003"
2022,"Kazakhstan","NA","3.97256411411486","10.3712054469437","9","NA","NA","NA","NA","NA","NA","NA","NA","20.0552104288335","100","NA","NA","16.1647366957137","0.142756044864655","-0.4683538377285","NA","NA","NA","NA","12.0616921106992"
2022,"Kenya","NA","NA","32.8982475979253","12","NA","5.47591018676758","78.2602233886719","NA","NA","NA","NA","NA","16.0816754795722","97.3793392662563","37.7","1.70308967596081","25.0629334714739","-0.329533219337463","-0.947280883789062","NA","NA","NA","NA","14.5993496343343"
2022,"Kiribati","NA","8.03560390653974","4.37923997573217","9","NA","NA","NA","NA","NA","NA","NA","NA","18.8985738209677","92.9634641407307","NA","NA","81.8840619865705","0.166980341076851","1.10384833812714","NA","NA","NA","NA","20.2549469770221"
2022,"Korea, Dem. People's Rep.","NA","NA","NA","12","NA","NA","NA","NA","NA","NA","NA","NA","13.8555208161922","NA","NA","NA","NA","-1.46377837657928","-0.430811017751694","NA","NA","NA","NA","NA"
2022,"Korea, Rep.","NA","0.436890006065369","1.10347998142242","9","83.8361206054688","34.5359726980996","97.459586423475","0.80065854703204","NA","NA","NA","NA","NA","100","NA","26.2301772393576","33.6430322591716","1.34904730319977","0.579976737499237","NA","NA","NA","NA","18.4445796703636"
2022,"Kosovo","NA","NA","NA","NA","NA","NA","NA","NA","NA","NA","NA","NA","NA","NA","38.3","NA","NA","-0.194915696978569","-0.198845237493515","NA","NA","NA","NA","NA"
2022,"Kuwait","NA","NA","NA","9","NA","NA","NA","NA","NA","NA","NA","NA","12.2631651878182","NA","NA","NA","NA","0.1114886328578","0.291892021894455","NA","NA","NA","NA","NA"
2022,"Kyrgyz Republic","NA","8.36069028993572","3.5384658605469","10","NA","NA","NA","NA","NA","NA","NA","NA","23.5183648321502","96.5718955654007","26.4","15.9075476046402","23.8319458168086","-0.890511035919189","-0.471610426902771","NA","NA","NA","NA","19.5419794530385"
2022,"Lao PDR","NA","34.5231648941931","9.39845045605307","9","NA","5.19382080015447","NA","NA","NA","NA","NA","NA","9.82493417180385","89.733446932814","NA","NA","10.3160241648868","-0.597129583358765","0.789451360702515","NA","NA","NA","NA","12.1129327825423"
2022,"Latvia","NA","1.3436199426651","1.4437700510025","11","89.8824920654297","32.5734919444113","99.6401434061211","0.6033182058497","NA","NA","NA","NA","9.92103004455566","100","33.7","32.0440683229387","36.3433742824555","0.69153767824173","0.48640912771225","NA","NA","NA","NA","17.1496668598817"
2022,"Lebanon","NA","32.3250287466462","27.1980078749538","10","NA","NA","NA","NA","NA","NA","NA","NA","8.85817043035745","34.8860505885299","35.3","NA","NA","-1.45929002761841","-1.4225754737854","NA","NA","NA","NA","NA"
2022,"Lesotho","NA","30.3416027176635","29.3846671417181","7","NA","NA","NA","NA","NA","NA","NA","NA","NA","98.134104969068","NA","NA","40.2346112050868","-0.887993335723877","-0.292736917734146","NA","NA","NA","NA","30.4425486823591"
2022,"Liberia","NA","44.4198001070411","38.2539784581758","6","NA","NA","NA","NA","NA","NA","NA","NA","NA","62.3246439129266","NA","NA","NA","-1.43107986450195","-0.267271250486374","NA","NA","NA","NA","NA"
2022,"Libya","NA","NA","NA","9","NA","NA","NA","NA","NA","NA","NA","NA","NA","NA","NA","NA","NA","-1.75577163696289","-2.19370174407959","NA","NA","NA","NA","NA"
2022,"Liechtenstein","NA","NA","NA","9","NA","NA","NA","NA","NA","NA","NA","NA","NA","NA","NA","NA","NA","1.48778104782104","1.64275300502777","NA","NA","NA","NA","NA"
2022,"Lithuania","NA","0.565729975700378","0.0236399993300438","11","93.6289825439453","41.4149466041617","99.2762117193576","0.724088705361833","NA","NA","NA","NA","11.8042297363281","NA","36.6","29.5686265989989","34.0464636044902","0.993961572647095","0.653032541275024","NA","NA","NA","NA","21.2820773125213"
2022,"Luxembourg","NA","1.61542999744415","0.345420002937317","12","90.0436630249023","42.0351303246455","98.7126616830388","2.92270963064141","NA","NA","NA","NA","8.45038032531738","NA","34.1","28.8057231528408","40.8988847365143","1.77222788333893","1.06439006328583","NA","NA","NA","NA","26.6829703355982"
2022,"Macao SAR, China","NA","10.3734939759036","16.3325635103926","10","88.7297897338867","NA","NA","NA","NA","NA","NA","NA","12.2754001617432","99.1279069767442","NA","1.13695742192678","49.0371588898836","1.10521340370178","1.12270271778107","NA","NA","NA","NA","16.7016793458137"
2022,"Madagascar","NA","37.2149340109862","3.15875784433437","5","NA","NA","NA","NA","NA","NA","NA","NA","NA","NA","NA","4.96423976557416","9.93703865401929","-0.972033023834229","-0.480796605348587","NA","NA","NA","NA","9.24054268108286"
2022,"Malawi","NA","30.3165489094494","2.08900513013386","8","NA","NA","NA","NA","NA","NA","NA","NA","NA","NA","NA","NA","20.1738542237372","-0.853226065635681","-0.157983273267746","NA","NA","NA","NA","13.5038573942269"
2022,"Malaysia","NA","17.3403557392227","12.461852230086","6","NA","14.5600004196167","94.7900009155273","0.100000001490116","NA","NA","95.7699966430664","NA","20.1496790295371","88.1404968463597","NA","NA","17.9061514875177","0.992667615413666","0.163117811083794","NA","NA","NA","NA","11.6374738583074"
2022,"Maldives","NA","4.8165924668083","5.37546340201741","12","NA","NA","NA","NA","NA","NA","NA","NA","11.0764447310854","86.6491617854977","NA","NA","NA","-0.107565149664879","0.645002782344818","NA","NA","NA","NA","NA"
2022,"Mali","NA","NA","NA","9","NA","2.33424997329712","14.4729299545288","0.229530717773165","NA","NA","NA","NA","18.1899960391199","NA","NA","NA","NA","-1.1489531993866","-2.56074357032776","NA","NA","NA","NA","NA"
2022,"Malta","NA","1.60627996921539","6.87698984146118","11","87.9289779663086","24.440539535189","99.635561290733","0.706610749215657","NA","NA","NA","NA","12.496190071106","NA","34.6","16.9579567241852","35.9014900256566","0.804084479808807","0.911014318466187","NA","NA","NA","NA","22.6195095979232"
2022,"Marshall Islands","NA","3.5504821714694","0.362337148777861","13","100","NA","NA","NA","NA","NA","NA","NA","11.3453598022461","52.4941103249124","NA","NA","NA","0.226975664496422","1.0159205198288","NA","NA","NA","NA","NA"
2022,"Mauritania","NA","NA","NA","9","NA","NA","NA","NA","NA","NA","NA","NA","4.84178018569946","NA","NA","NA","NA","-0.725075662136078","-0.516949355602264","NA","NA","NA","NA","NA"
2022,"Mauritius","NA","NA","NA","12","NA","7.98654330971499","97.104719952785","NA","NA","NA","NA","NA","15.7120399475098","NA","NA","6.83698070484438","28.2555168393533","0.766172587871552","0.830023586750031","NA","NA","NA","NA","19.080327756746"
2022,"Mexico","NA","8.01016044616699","0.341919988393784","14","97.7687911987305","NA","83.3","NA","NA","NA","95.8486603965766","NA","14.2361097335815","NA","43.5","11.9780034544672","22.3129296276289","-0.281723529100418","-0.689268112182617","NA","NA","NA","NA","13.408403759922"
2022,"Micronesia, Fed. Sts.","NA","16.4298969331773","20.019296568754","8","NA","NA","NA","NA","NA","NA","NA","NA","NA","NA","NA","NA","NA","0.379875272512436","1.20921885967255","NA","NA","NA","NA","NA"
2022,"Moldova","NA","0.48856111909335","0.432474408037575","10","91.747428894043","20.3899993896484","99.5100021362305","0.119999997317791","NA","NA","NA","NA","16.6931304931641","100","25.9","29.3925070523525","32.2453730893208","-0.307596892118454","-0.659070193767548","NA","NA","NA","NA","18.9210049545943"
2022,"Monaco","NA","NA","NA","11","55.0694808959961","NA","NA","NA","NA","NA","NA","NA","4.79598999023438","71.929817199707","NA","NA","NA","2.04701542854309","1.18703246116638","NA","NA","NA","NA","NA"
2022,"Mongolia","NA","6.41572588091369","7.41599307454662","12","NA","31.6441402435303","96.259391784668","0.233478105118908","NA","NA","98.7300033569336","NA","7.45206641970586","99.6785124685029","31.4","NA","NA","-0.424924910068512","0.529954373836517","NA","NA","NA","NA","NA"
2022,"Montenegro","NA","0.137580007314682","NA","9","NA","NA","NA","NA","NA","NA","NA","NA","NA","NA","NA","NA","NA","-0.0274766758084297","-0.140881478786469","NA","NA","NA","NA","NA"
2022,"Morocco","NA","6.94269903100932","NA","9","NA","NA","NA","NA","NA","NA","NA","NA","23.8656662804477","100","NA","NA","28.2079312044055","-0.0818562060594559","-0.362119138240814","NA","NA","NA","NA","22.1085229186507"
2022,"Mozambique","NA","27.9836782532258","0.999974790698898","NA","NA","3.0377299785614","32.0928802490234","NA","NA","NA","61.6778205151772","NA","NA","99.2083445571818","49.6","0.221123765633342","26.0040350878841","-0.73704868555069","-1.26560831069946","NA","NA","NA","NA","22.66159088001"
2022,"Myanmar","NA","NA","NA","5","NA","NA","NA","NA","NA","NA","NA","NA","NA","NA","NA","NA","NA","-1.68502449989319","-2.19571399688721","NA","NA","NA","NA","NA"
2022,"Namibia","NA","2.25446147859302","1.09937894341155","7","NA","NA","NA","NA","NA","NA","NA","NA","24.7069207267821","95.5447302988786","NA","0.755471090953608","35.7178502960771","0.0692832469940186","0.559885740280151","NA","NA","NA","NA","27.1668398520557"
2022,"Nauru","NA","8.4949197769165","4.91978979110718","14","NA","NA","NA","NA","NA","NA","NA","NA","4.21463913905028","NA","NA","NA","NA","0.19847996532917","0.877918004989624","NA","NA","NA","NA","NA"
2022,"Nepal","NA","8.74180740416018","0.632916456326474","9","NA","NA","NA","NA","NA","NA","NA","NA","12.4379256037804","NA","30","NA","NA","-0.918098270893097","-0.239196881651878","NA","NA","NA","NA","NA"
2022,"Netherlands","NA","0.435589998960495","0.405660003423691","13","88.6285400390625","36.393924131785","98.0306890249335","1.00822318311613","NA","NA","NA","NA","11.9772500991821","NA","NA","32.41284668107","39.3652774144211","1.57889866828918","0.726799547672272","NA","NA","NA","NA","23.898794550321"
2022,"New Caledonia","NA","NA","NA","0","NA","NA","NA","NA","NA","NA","NA","NA","NA","NA","NA","NA","NA","NA","NA","NA","NA","NA","NA","NA"
2022,"New Zealand","NA","2.45951008796692","2.54800009727478","10","NA","NA","NA","NA","NA","NA","NA","NA","12.6147699356079","NA","NA","1.89553323489966","35.5258252195945","1.34026157855988","1.32116913795471","NA","NA","NA","NA","29.6007619907085"
2022,"Nicaragua","NA","NA","NA","7","NA","NA","NA","NA","NA","NA","NA","NA","18.5192097359421","68.6833801269531","NA","NA","16.6889216424618","-1.03687942028046","-0.35851177573204","NA","NA","NA","NA","19.8606394420617"
2022,"Niger","NA","73.0452609742334","41.0056377579949","NA","NA","0.971300005912781","17.4775011723262","NA","NA","NA","35.6100006103516","NA","12.3714513252292","97.5435323383085","NA","NA","NA","-0.627598226070404","-1.46439230442047","NA","NA","NA","NA","NA"
2022,"Nigeria","NA","NA","NA","9","NA","3.47736860285226","NA","0.481629749404069","NA","NA","NA","NA","4.30281801083668","NA","33.9","NA","NA","-1.04151690006256","-1.77890145778656","NA","NA","NA","NA","NA"
2022,"North Macedonia","NA","NA","2.96356010437012","13","NA","19.8216794815429","94.8307058800312","0.352544693904768","NA","NA","NA","NA","NA","NA","NA","31.6063077215048","32.2023941216836","-0.0813848301768303","0.180839285254478","NA","NA","NA","NA","17.6879383146833"
2022,"Northern Mariana Islands","NA","NA","NA","NA","NA","NA","NA","NA","NA","NA","NA","NA","NA","NA","NA","NA","NA","NA","NA","NA","NA","NA","NA","NA"
2022,"Norway","NA","0.459870010614395","0.949949979782104","10","88.8501586914062","31.6725480402091","99.5164188883829","1.33473515959194","NA","NA","NA","NA","14.4691095352173","NA","26.9","13.3242909659064","29.2916941759893","1.94172024726868","0.86123925447464","NA","NA","NA","NA","31.3445975469679"
2022,"Oman","NA","13.9762727732674","11.0642437321693","10","89.1318283081055","19.1100006103516","98.4400024414062","0.319999992847443","NA","NA","97.3399963378906","NA","14.1779499053955","100","NA","NA","NA","0.0215067788958549","0.532249212265015","NA","NA","NA","NA","NA"
2022,"Pakistan","NA","32.1549595125502","28.5492493900068","12","NA","NA","NA","NA","NA","NA","NA","NA","9.40440332600436","79.540933103366","NA","NA","NA","-0.624728679656982","-1.83982634544373","NA","NA","NA","NA","NA"
2022,"Palau","NA","7.2463768115942","14.2049469964664","12","NA","NA","NA","NA","NA","NA","NA","NA","10.1772569227517","94.2148760330578","NA","NA","NA","0.449695825576782","1.08399426937103","NA","NA","NA","NA","NA"
2022,"Panama","NA","13.3507416577596","3.04311494432033","11","NA","16.2066171024572","88.5","0.204950811047254","NA","NA","NA","NA","15.7813301086426","NA","NA","NA","NA","-0.128100603818893","0.289221227169037","NA","NA","NA","NA","NA"
2022,"Papua New Guinea","NA","NA","NA","NA","NA","3.13966266418627","62.5566048669912","NA","NA","NA","87.144148905762","NA","2.93439934399344","NA","NA","NA","19.4489382425075","-0.810510694980621","-0.659367442131042","NA","NA","NA","NA","14.7704952119672"
2022,"Paraguay","NA","16.3835528125669","12.1999708747458","13","94.5669479370117","NA","78.4","NA","NA","NA","NA","NA","24.068510055542","NA","44.6","23.7115525683057","16.5354158578926","-0.614015102386475","0.0355493128299713","NA","NA","NA","NA","10.2661363911399"
2022,"Peru","NA","0.171079993247986","NA","14","80.1011276245117","NA","74.9","NA","NA","NA","NA","NA","16.4729995727539","NA","40.3","NA","NA","-0.39837571978569","-0.487095445394516","NA","NA","NA","NA","NA"
2022,"Philippines","NA","12.6966679020197","10.9039971057194","13","NA","18.075719833374","85.706413269043","0.174031890484343","NA","NA","NA","NA","15.6964005295008","100","NA","NA","18.6068893324404","0.063930444419384","-0.655268549919128","NA","NA","NA","NA","14.6190058206626"
2022,"Poland","NA","0.0623200014233589","0.0187699999660254","9","92.6551818847656","NA","99.5122873328082","NA","NA","NA","NA","NA","9.97375965118408","NA","28.9","39.644133952452","36.0632407243175","0.258881956338882","0.505146443843842","NA","NA","NA","NA","17.1225309189416"
2022,"Portugal","NA","0.641860008239746","0.178660005331039","12","95.9673919677734","23.1223938479372","94.9817563413008","0.527301333798828","NA","NA","NA","NA","10.3897695541382","NA","36.3","30.4797626147718","39.3111765510363","1.00113356113434","0.795802593231201","NA","NA","NA","NA","23.1729319243708"
2022,"Puerto Rico (US)","NA","NA","NA","13","NA","29.8358592987061","94.0782012939453","NA","NA","NA","NA","NA","16.3748707258125","NA","NA","NA","NA","-0.482422739267349","0.542631983757019","NA","NA","NA","NA","NA"
2022,"Qatar","NA","5.73304405779839","7.9395731155049","12","NA","30.3899993896484","90.4700012207031","0.589999973773956","NA","NA","NA","NA","NA","100","NA","NA","NA","1.13661742210388","0.960249304771423","NA","NA","NA","NA","NA"
2022,"Romania","NA","15.8625898361206","15.6128101348877","10","93.1842498779297","15.283466873163","98.9499969482422","0.16040857546717","NA","NA","NA","NA","8.77511978149414","NA","32.3","34.3034586641458","37.1727949908237","-0.000462350901216269","0.431136310100555","NA","NA","NA","NA","16.1575659433589"
2022,"Russian Federation","NA","0.288427860108026","2.63493990898132","11","NA","NA","100","NA","NA","NA","NA","NA","NA","NA","33.9","14.7658966063118","31.3980432829166","-0.696263790130615","-1.00599670410156","NA","NA","NA","NA","10.847869154279"
2022,"Rwanda","NA","4.72500407907676","8.14909792856868","6","63.0317115783691","4.46000003814697","43.8699989318848","0.0900000035762787","NA","NA","78.7600021362305","NA","12.7661399841309","76.0508200361641","NA","8.01612137091089","19.5599259456344","0.232074052095413","0.082752451300621","NA","NA","NA","NA","13.6800512034657"
2022,"Samoa","NA","1.43402464955103","0.461961699584143","8","NA","16.4844257806228","94.5463236911827","NA","NA","NA","NA","NA","13.6002878462442","NA","NA","1.42769069899511","33.9993569748662","0.307863622903824","1.09655201435089","NA","NA","NA","NA","25.64996759973"
2022,"San Marino","NA","7.74840474020055","6.3125","10","99.3691635131836","18.3899993896484","98.9000015258789","NA","NA","NA","99.9100036621094","NA","13.3687896728516","34.156378600823","NA","26.7069310683071","44.64064259247","1.77113807201385","1.18703246116638","NA","NA","NA","NA","17.811406929408"
2022,"Sao Tome and Principe","NA","NA","NA","6","NA","NA","NA","NA","NA","NA","NA","NA","17.086328518452","NA","NA","NA","NA","-0.8350989818573","0.460358828306198","NA","NA","NA","NA","NA"
2022,"Saudi Arabia","NA","NA","NA","9","NA","31.3336488869736","89.2714923499198","1.00226049689445","NA","NA","NA","NA","NA","100","NA","NA","21.9700445283442","0.582258403301239","-0.355806291103363","NA","NA","NA","NA","6.95344592187722"
2022,"Senegal","NA","62.6006827036303","24.9268181684724","11","88.5883483886719","4.90400881209774","NA","0.246998383896459","NA","NA","NA","NA","18.3727703094482","71.758830121332","NA","3.97643837339369","23.1232614462059","0.0397833846509457","-0.157593667507172","NA","NA","NA","NA","18.5924841956883"
2022,"Serbia","NA","2.05703997612","3.96272993087769","8","97.2551574707031","24.8500003814697","98.5299987792969","0.589999973773956","NA","NA","99.3399963378906","NA","7.4496898651123","NA","32.8","29.6292042535433","35.4693044866048","0.0651759877800941","-0.174069464206696","NA","NA","NA","NA","23.8974066325941"
2022,"Seychelles","NA","2.2027373823781","1.9270192701927","11","NA","NA","NA","NA","NA","NA","NA","NA","10.6487628679669","61.247947454844","NA","NA","NA","0.661873877048492","0.762523114681244","NA","NA","NA","NA","NA"
2022,"Sierra Leone","NA","6.81322899698847","NA","9","75.5452728271484","NA","NA","NA","NA","NA","NA","NA","25.2299995422363","NA","NA","NA","NA","-1.17013084888458","-0.0945132076740265","NA","NA","NA","NA","NA"
2022,"Singapore","NA","0.0385552498125398","0.930600302730494","6","NA","36.189998626709","89.7399978637695","NA","NA","NA","NA","NA","15.1349296569824","97.8979336628357","NA","NA","14.8222699043527","2.14423561096191","1.44037234783173","NA","NA","NA","NA","11.7839491101594"
2022,"Sint Maarten (Dutch part)","NA","NA","NA","14","NA","NA","NA","NA","NA","NA","NA","NA","22.6110363391655","NA","NA","NA","NA","NA","NA","NA","NA","NA","NA","NA"
2022,"Slovak Republic","NA","3.18026995658875","2.85927009582519","11","92.5214462280273","25.7726848924658","99.8187431205755","0.948327414004642","NA","NA","NA","NA","11.0230302810669","97.5999984741211","24.1","NA","39.7427248174335","0.378134667873383","0.445335745811462","NA","NA","NA","NA","NA"
2022,"Slovenia","NA","1.29799997806549","1.2043399810791","9","89.656982421875","26.0893187512836","99.7098852395598","3.14410229072488","NA","NA","NA","NA","11.0809497833252","NA","24.3","38.3957138880349","43.5327700809559","1.06853556632996","0.709335088729858","NA","NA","NA","NA","21.0207424971582"
2022,"Solomon Islands","NA","NA","NA","NA","NA","NA","NA","NA","NA","NA","NA","NA","25.7816174582679","NA","NA","NA","27.05163158652","-0.67954033613205","0.413905620574951","NA","NA","NA","NA","20.6697404986497"
2022,"Somalia, Fed. Rep.","NA","NA","NA","8","NA","4.26999998092651","15.5","NA","NA","NA","54.1199989318848","NA","2.76215255439452","NA","NA","NA","NA","-2.02740406990051","-2.42969608306885","NA","NA","NA","NA","6.63675806503077E-05"
2022,"South Africa","NA","3.30041905137483","5.7776985719876","9","96.7919311523438","6.08822011947632","87.01171875","NA","NA","NA","NA","NA","18.9169692993164","NA","NA","1.75873521177582","33.4798352578178","-0.109027646481991","-0.681386351585388","NA","NA","NA","NA","26.0054597822428"
2022,"South Sudan","NA","NA","NA","8","NA","NA","NA","NA","NA","NA","NA","NA","NA","NA","NA","NA","NA","-2.39076352119446","-2.21309995651245","NA","NA","NA","NA","NA"
2022,"Spain","NA","2.48118996620178","1.79373002052307","10","93.0252380371094","24.1534196804545","94.1924119196135","0.757789087120339","NA","NA","NA","NA","9.87539005279541","100","33.6","40.4161024529497","35.3952923242011","0.920230388641357","0.318843424320221","NA","NA","NA","NA","15.496178371307"
2022,"Sri Lanka","NA","5.60063440166746","7.75457849813972","11","NA","0.911603049595537","87.289908426463","NA","NA","NA","92.4899978637695","NA","5.34583042566108","86.8407099402802","NA","1.85909790821673","15.7428689340544","-0.391961753368378","-0.80430680513382","NA","NA","NA","NA","7.2772315851375"
2022,"St. Kitts and Nevis","NA","NA","NA","12","NA","NA","NA","NA","NA","NA","NA","NA","7.7259085644011","61.7721518987342","NA","NA","NA","0.391751825809479","0.938082098960876","NA","NA","NA","NA","NA"
2022,"St. Lucia","NA","12.790849685669","2.11634993553162","10","NA","NA","NA","NA","NA","NA","NA","NA","16.8981609344482","81.4061126708984","NA","NA","NA","-0.0973235219717026","1.03362321853638","NA","NA","NA","NA","NA"
2022,"St. Martin (French part)","NA","NA","NA","NA","NA","NA","NA","NA","NA","NA","NA","NA","NA","NA","NA","NA","NA","NA","NA","NA","NA","NA","NA","NA"
2022,"St. Vincent and the Grenadines","NA","NA","NA","12","NA","NA","NA","NA","NA","NA","NA","NA","15.2270812769575","79.0123456790123","NA","NA","NA","0.318174481391907","1.03362321853638","NA","NA","NA","NA","NA"
2022,"Sudan","NA","NA","NA","8","NA","8.07872009277344","37.8379402160645","NA","NA","NA","NA","NA","NA","NA","NA","NA","NA","-1.68637764453888","-2.0769202709198","NA","NA","NA","NA","NA"
2022,"Suriname","NA","NA","NA","6","NA","8.93062019348145","79.3055267333984","NA","NA","NA","NA","NA","10.9554367201426","NA","39.2","NA","NA","-0.944707155227661","0.399689197540283","NA","NA","NA","NA","NA"
2022,"Sweden","NA","0.473150014877319","0.566910028457642","10","93.7241363525391","33.6641523203769","100","1.84892788899631","NA","NA","NA","NA","15.2760496139526","NA","31.6","8.93264965773225","32.2346800481688","1.5724048614502","0.910905122756958","NA","NA","NA","NA","27.6047528383889"
2022,"Switzerland","NA","0.282840013504028","0.263319998979568","11","NA","39.9547282957949","99.6316136861944","3.14679415043531","NA","NA","NA","NA","15.4151697158813","NA","33.8","38.1727825573154","16.4692697536485","2.04943490028381","1.15974533557892","NA","NA","NA","NA","8.98993332375411"
2022,"Syrian Arab Republic","NA","51.9726486206055","31.0699901580811","9","NA","NA","NA","NA","NA","NA","NA","NA","NA","NA","26.6","NA","NA","-1.75301361083984","-2.77689838409424","NA","NA","NA","NA","NA"
2022,"Tajikistan","NA","NA","NA","9","NA","NA","NA","NA","NA","NA","NA","NA","18.3473626996201","NA","39.5","15.0657423058121","10.6910715593023","-0.757130861282349","-0.740999102592468","NA","NA","NA","NA","10.3442793393563"
2022,"Tanzania","NA","NA","12.997640717073","7","NA","2.31976008415222","67.1932373046875","NA","NA","NA","78.2099990844727","NA","14.3321092964105","NA","NA","NA","16.8468991314032","-0.460365831851959","-0.260344117879868","NA","NA","NA","NA","11.7926807934669"
2022,"Thailand","NA","5.44732417123824","0.31251263461281","9","NA","17.3500003814697","73.2099990844727","0.129999995231628","NA","NA","91.0999984741211","NA","14.6416516129032","100","34.3","3.63474772248264","22.2320443948162","0.127444162964821","-0.393339306116104","NA","NA","NA","NA","15.1390496003523"
2022,"Timor-Leste","NA","NA","NA","9","NA","20.3700008392334","97.9800033569336","0.189999997615814","NA","NA","72.4700012207031","NA","NA","NA","NA","NA","52.4935981093365","-0.770140171051025","0.256246715784073","NA","NA","NA","NA","21.643177789507"
2022,"Togo","NA","26.2924583569526","0.881169391609611","10","NA","4.44268989562988","43.7291717529297","NA","NA","NA","72.5999984741211","NA","14.4758197870089","78.5398230088496","NA","NA","16.155575422123","-0.645623385906219","-0.788051605224609","NA","NA","NA","NA","14.1875620772128"
2022,"Tonga","NA","0.0540895514473431","2.28040974723023","15","NA","NA","NA","NA","NA","NA","NA","NA","9.76537216828479","96.9059405940594","NA","NA","42.9119309975739","-0.16662822663784","1.09290516376495","NA","NA","NA","NA","21.91086174115"
2022,"Trinidad and Tobago","NA","NA","NA","7","93.517448425293","10.1399097442627","93.8717193603516","NA","NA","NA","NA","NA","10.4055900573731","79.2943725585938","NA","NA","NA","-0.0255433935672045","0.34842374920845","NA","NA","NA","NA","NA"
2022,"Tunisia","NA","NA","1.57028996944427","9","NA","NA","NA","NA","NA","NA","NA","NA","19.9702624772082","100","NA","NA","NA","-0.262752622365952","-0.594559073448181","NA","NA","NA","NA","NA"
2022,"Turkiye","NA","0.101759999990463","0.263200014829636","12","87.8162078857422","20.9415740107689","85.3675616236604","2.52125887839416","NA","NA","NA","NA","11.3262901306152","NA","44.5","20.3544952826864","29.6704625002631","-0.199645325541496","-1.03223478794098","NA","NA","NA","NA","16.0920714893319"
2022,"Turkmenistan","NA","5.77467012405396","2.14023995399475","12","97.9903411865234","9.59000015258789","99.6900024414062","0.0199999995529652","NA","NA","99.9000015258789","NA","28.6807193756104","NA","NA","NA","NA","-1.15899753570557","-0.110257938504219","NA","NA","NA","NA","NA"
2022,"Turks and Caicos Islands","NA","NA","NA","13","NA","NA","NA","NA","NA","NA","NA","NA","11.8633003234863","88.9763793945312","NA","NA","NA","NA","NA","NA","NA","NA","NA","NA"
2022,"Tuvalu","NA","3.8551584204776","0.870993388816725","9","NA","NA","NA","NA","NA","NA","100","NA","12.9273762256588","46.4646492004395","NA","NA","NA","-0.313752740621567","1.18310344219208","NA","NA","NA","NA","NA"
2022,"Uganda","NA","NA","NA","7","NA","NA","NA","NA","NA","NA","NA","NA","8.48236433206127","NA","NA","NA","16.9424354799697","-0.605068683624268","-0.711015820503235","NA","NA","NA","NA","12.5499042669422"
2022,"Ukraine","NA","NA","NA","11","NA","NA","NA","NA","NA","NA","NA","NA","NA","NA","NA","19.5370099876257","57.894766176113","-0.497119277715683","-1.94932460784912","NA","NA","NA","NA","16.6915073808281"
2022,"United Arab Emirates","NA","0.0246699992567301","0.0034098408005504","12","NA","51.0699996948242","93.2300033569336","0.829999983310699","NA","NA","98.2900009155273","NA","NA","100","NA","6.97473944930372","3.87547095264209","1.29912793636322","0.744183301925659","NA","NA","NA","NA","0.57850773675799"
2022,"United Kingdom","NA","0.91566002368927","0.0882799997925758","11","NA","NA","NA","NA","NA","NA","NA","NA","NA","NA","NA","19.3313730862243","41.5283554488788","1.23809003829956","0.533176064491272","NA","NA","NA","NA","27.173147226044"
2022,"United States","NA","0.813030004501343","3.98220992088318","12","NA","37.6599998474121","99.0299987792969","2.14000010490417","NA","NA","NA","NA","NA","100","41.7","32.5649578417644","24.658458048026","1.25549554824829","0.00870068650692701","NA","NA","NA","NA","12.5989036829582"
2022,"Uruguay","NA","2.1046744586109","0.374946005463525","14","96.4507675170898","NA","92.9","NA","NA","NA","98.8499984741211","NA","14.933629989624","100","40.6","27.5064596050698","36.2885816637948","0.849587678909302","1.08582961559296","NA","NA","NA","NA","18.5974753264661"
2022,"Uzbekistan","NA","2.96583947277719","4.10981300842443","12","NA","16.8500003814697","100","NA","NA","NA","100","NA","21.8510183445407","100","31.2","14.2810867541573","23.0754381727755","-0.329937309026718","-0.20133601129055","NA","NA","NA","NA","11.988740277413"
2022,"Vanuatu","NA","2.61430459652201","1.63304772448207","NA","NA","NA","NA","NA","NA","NA","NA","NA","20.9390999125074","100","NA","NA","31.4874073950711","-0.538524687290192","0.961862087249756","NA","NA","NA","NA","16.0962613785852"
2022,"Venezuela, RB","NA","1.14158999919891","0.538670003414154","17","NA","NA","NA","NA","NA","NA","NA","NA","NA","NA","NA","NA","NA","-1.68905186653137","-1.25080645084381","NA","NA","NA","NA","NA"
2022,"Viet Nam","NA","4.26207264537586","1.88444866533966","10","NA","11.5200004577637","87.2300033569336","0.0564000089743266","NA","NA","96.129997253418","NA","15.4493443908999","74.7324439231784","36.1","NA","NA","0.174635261297226","-0.0461320951581001","NA","NA","NA","NA","NA"
2022,"Virgin Islands (U.S.)","NA","NA","NA","NA","NA","NA","NA","NA","NA","NA","NA","NA","NA","NA","NA","NA","NA","0.66762912273407","0.529783725738525","NA","NA","NA","NA","NA"
2022,"West Bank and Gaza","NA","5.04832662107826","9.50721544328104","10","NA","22.75","95.879997253418","0.330000013113022","NA","NA","97.8399963378906","NA","NA","100","NA","NA","NA","-0.902029156684875","-1.70195543766022","NA","NA","NA","NA","NA"
2022,"Yemen, Rep.","NA","NA","NA","9","NA","NA","NA","NA","NA","NA","NA","NA","NA","NA","NA","NA","NA","-2.23346471786499","-2.462735414505","NA","NA","NA","NA","NA"
2022,"Zambia","NA","NA","NA","7","NA","NA","NA","NA","NA","NA","79.9751431296375","NA","NA","NA","51.5","NA","NA","-0.638017058372498","0.161331877112389","NA","NA","NA","NA","NA"
2022,"Zimbabwe","NA","17.3831973159693","8.17339162516982","7","NA","0.913877996562985","NA","0.0421150040902818","NA","NA","NA","NA","NA","97.9016886808226","NA","NA","NA","-1.25122380256653","-0.894974112510681","NA","NA","NA","NA","NA"
,"","","","","","","","","","","","","","","","","","","","","","","","",""
,"","","","","","","","","","","","","","","","","","","","","","","","",""
,"","","","","","","","","","","","","","","","","","","","","","","","",""
Data from database: World Development Indicators,"","","","","","","","","","","","","","","","","","","","","","","","",""
Last Updated: 10/07/2025,"","","","","","","","","","","","","","","","","","","","","","","","",""
